,date,Team_1,Team_2,Winner,Margin,Ground,previous_appearances_team_1,previous_titles_team_1,previous_finals_team_1,previous_semifinals_team_1,Position_team_1,Points_team_1,previous_appearances_team_2,previous_titles_team_2,previous_finals_team_2,previous_semifinals_team_2,Position_team_2,Points_team_2
0,4-Jan-10,Bangladesh,Sri Lanka,Sri Lanka,7 wickets,Dhaka,5,0,0,0,7,90,11,1,3,4,9,76
1,8-Jan-10,Bangladesh,Sri Lanka,Sri Lanka,9 wickets,Dhaka,5,0,0,0,7,90,11,1,3,4,9,76
2,20-Mar-12,Bangladesh,Sri Lanka,Bangladesh,5 wickets,Dhaka,5,0,0,0,7,90,11,1,3,4,9,76
3,17-Feb-14,Bangladesh,Sri Lanka,Sri Lanka,13 runs,Dhaka,5,0,0,0,7,90,11,1,3,4,9,76
4,20-Feb-14,Bangladesh,Sri Lanka,Sri Lanka,61 runs,Dhaka,5,0,0,0,7,90,11,1,3,4,9,76
5,22-Feb-14,Bangladesh,Sri Lanka,Sri Lanka,6 wickets,Dhaka,5,0,0,0,7,90,11,1,3,4,9,76
6,6-Mar-14,Bangladesh,Sri Lanka,Sri Lanka,3 wickets,Dhaka,5,0,0,0,7,90,11,1,3,4,9,76
7,26-Feb-15,Bangladesh,Sri Lanka,Sri Lanka,92 runs,Melbourne,5,0,0,0,7,90,11,1,3,4,9,76
8,5-Jan-10,India,Sri Lanka,Sri Lanka,5 wickets,Dhaka,11,2,3,6,2,121,11,1,3,4,9,76
9,10-Jan-10,India,Sri Lanka,India,8 wickets,Dhaka,11,2,3,6,2,121,11,1,3,4,9,76
10,13-Jan-10,India,Sri Lanka,Sri Lanka,4 wickets,Dhaka,11,2,3,6,2,121,11,1,3,4,9,76
11,30-May-10,India,Sri Lanka,India,7 wickets,Bulawayo,11,2,3,6,2,121,11,1,3,4,9,76
12,5-Jun-10,India,Sri Lanka,Sri Lanka,6 wickets,Harare,11,2,3,6,2,121,11,1,3,4,9,76
13,2-Apr-11,India,Sri Lanka,India,6 wickets,Mumbai,11,2,3,6,2,121,11,1,3,4,9,76
14,8-Feb-12,India,Sri Lanka,India,4 wickets,Perth,11,2,3,6,2,121,11,1,3,4,9,76
15,14-Feb-12,India,Sri Lanka,tied,,Adelaide,11,2,3,6,2,121,11,1,3,4,9,76
16,21-Feb-12,India,Sri Lanka,Sri Lanka,51 runs,Brisbane,11,2,3,6,2,121,11,1,3,4,9,76
17,28-Feb-12,India,Sri Lanka,India,7 wickets,Hobart,11,2,3,6,2,121,11,1,3,4,9,76
18,13-Mar-12,India,Sri Lanka,India,50 runs,Dhaka,11,2,3,6,2,121,11,1,3,4,9,76
19,20-Jun-13,India,Sri Lanka,India,8 wickets,Cardiff,11,2,3,6,2,121,11,1,3,4,9,76
20,2-Jul-13,India,Sri Lanka,Sri Lanka,161 runs,Kingston,11,2,3,6,2,121,11,1,3,4,9,76
21,9-Jul-13,India,Sri Lanka,India,81 runs,Port of Spain,11,2,3,6,2,121,11,1,3,4,9,76
22,11-Jul-13,India,Sri Lanka,India,1 wicket,Port of Spain,11,2,3,6,2,121,11,1,3,4,9,76
23,28-Feb-14,India,Sri Lanka,Sri Lanka,2 wickets,Fatullah,11,2,3,6,2,121,11,1,3,4,9,76
24,2-Nov-14,India,Sri Lanka,India,169 runs,Cuttack,11,2,3,6,2,121,11,1,3,4,9,76
25,6-Nov-14,India,Sri Lanka,India,6 wickets,Ahmedabad,11,2,3,6,2,121,11,1,3,4,9,76
26,9-Nov-14,India,Sri Lanka,India,6 wickets,Hyderabad (Deccan),11,2,3,6,2,121,11,1,3,4,9,76
27,13-Nov-14,India,Sri Lanka,India,153 runs,Kolkata,11,2,3,6,2,121,11,1,3,4,9,76
28,16-Nov-14,India,Sri Lanka,India,3 wickets,Ranchi,11,2,3,6,2,121,11,1,3,4,9,76
29,8-Jun-17,India,Sri Lanka,Sri Lanka,7 wickets,The Oval,11,2,3,6,2,121,11,1,3,4,9,76
30,3-Nov-10,Australia,Sri Lanka,Sri Lanka,1 wicket,Melbourne,11,5,6,7,5,109,11,1,3,4,9,76
31,5-Nov-10,Australia,Sri Lanka,Sri Lanka,29 runs,Sydney,11,5,6,7,5,109,11,1,3,4,9,76
32,7-Nov-10,Australia,Sri Lanka,Australia,8 wickets,Brisbane,11,5,6,7,5,109,11,1,3,4,9,76
33,10-Feb-12,Australia,Sri Lanka,Australia,5 runs,Perth,11,5,6,7,5,109,11,1,3,4,9,76
34,17-Feb-12,Australia,Sri Lanka,Sri Lanka,8 wickets,Sydney,11,5,6,7,5,109,11,1,3,4,9,76
35,24-Feb-12,Australia,Sri Lanka,Sri Lanka,3 wickets,Hobart,11,5,6,7,5,109,11,1,3,4,9,76
36,2-Mar-12,Australia,Sri Lanka,Sri Lanka,9 runs,Melbourne,11,5,6,7,5,109,11,1,3,4,9,76
37,4-Mar-12,Australia,Sri Lanka,Australia,15 runs,Brisbane,11,5,6,7,5,109,11,1,3,4,9,76
38,6-Mar-12,Australia,Sri Lanka,Sri Lanka,8 wickets,Adelaide,11,5,6,7,5,109,11,1,3,4,9,76
39,8-Mar-12,Australia,Sri Lanka,Australia,16 runs,Adelaide,11,5,6,7,5,109,11,1,3,4,9,76
40,11-Jan-13,Australia,Sri Lanka,Australia,107 runs,Melbourne,11,5,6,7,5,109,11,1,3,4,9,76
41,13-Jan-13,Australia,Sri Lanka,Sri Lanka,8 wickets,Adelaide,11,5,6,7,5,109,11,1,3,4,9,76
42,18-Jan-13,Australia,Sri Lanka,Sri Lanka,4 wickets,Brisbane,11,5,6,7,5,109,11,1,3,4,9,76
43,20-Jan-13,Australia,Sri Lanka,no result,,Sydney,11,5,6,7,5,109,11,1,3,4,9,76
44,23-Jan-13,Australia,Sri Lanka,Australia,32 runs,Hobart,11,5,6,7,5,109,11,1,3,4,9,76
45,17-Jun-13,Australia,Sri Lanka,Sri Lanka,20 runs,The Oval,11,5,6,7,5,109,11,1,3,4,9,76
46,8-Mar-15,Australia,Sri Lanka,Australia,64 runs,Sydney,11,5,6,7,5,109,11,1,3,4,9,76
47,18-Mar-11,New Zealand,Sri Lanka,Sri Lanka,112 runs,Mumbai,11,0,1,7,4,113,11,1,3,4,9,76
48,9-Jun-13,New Zealand,Sri Lanka,New Zealand,1 wicket,Cardiff,11,0,1,7,4,113,11,1,3,4,9,76
49,11-Jan-15,New Zealand,Sri Lanka,New Zealand,3 wickets,Christchurch,11,0,1,7,4,113,11,1,3,4,9,76
50,15-Jan-15,New Zealand,Sri Lanka,Sri Lanka,6 wickets,Hamilton,11,0,1,7,4,113,11,1,3,4,9,76
51,17-Jan-15,New Zealand,Sri Lanka,no result,,Auckland,11,0,1,7,4,113,11,1,3,4,9,76
52,20-Jan-15,New Zealand,Sri Lanka,New Zealand,4 wickets,Nelson,11,0,1,7,4,113,11,1,3,4,9,76
53,23-Jan-15,New Zealand,Sri Lanka,New Zealand,108 runs,Dunedin,11,0,1,7,4,113,11,1,3,4,9,76
54,25-Jan-15,New Zealand,Sri Lanka,New Zealand,120 runs,Dunedin,11,0,1,7,4,113,11,1,3,4,9,76
55,29-Jan-15,New Zealand,Sri Lanka,Sri Lanka,34 runs,Wellington,11,0,1,7,4,113,11,1,3,4,9,76
56,14-Feb-15,New Zealand,Sri Lanka,New Zealand,98 runs,Christchurch,11,0,1,7,4,113,11,1,3,4,9,76
57,26-Dec-15,New Zealand,Sri Lanka,New Zealand,7 wickets,Christchurch,11,0,1,7,4,113,11,1,3,4,9,76
58,28-Dec-15,New Zealand,Sri Lanka,New Zealand,10 wickets,Christchurch,11,0,1,7,4,113,11,1,3,4,9,76
59,31-Dec-15,New Zealand,Sri Lanka,Sri Lanka,8 wickets,Nelson,11,0,1,7,4,113,11,1,3,4,9,76
60,2-Jan-16,New Zealand,Sri Lanka,no result,,Nelson,11,0,1,7,4,113,11,1,3,4,9,76
61,5-Jan-16,New Zealand,Sri Lanka,New Zealand,36 runs,Mount Maunganui,11,0,1,7,4,113,11,1,3,4,9,76
62,3-Mar-14,Afghanistan,Sri Lanka,Sri Lanka,129 runs,Dhaka,1,0,0,0,10,63,11,1,3,4,9,76
63,22-Feb-15,Afghanistan,Sri Lanka,Sri Lanka,4 wickets,Dunedin,1,0,0,0,10,63,11,1,3,4,9,76
64,28-Jun-13,West Indies,Sri Lanka,West Indies,6 wickets,Kingston,11,2,3,4,8,77,11,1,3,4,9,76
65,"Jul 7-8, 2013",West Indies,Sri Lanka,Sri Lanka,39 runs,Port of Spain,11,2,3,4,8,77,11,1,3,4,9,76
66,28-Jun-11,England,Sri Lanka,England,110 runs,The Oval,11,0,3,5,1,125,11,1,3,4,9,76
67,1-Jul-11,England,Sri Lanka,Sri Lanka,69 runs,Leeds,11,0,3,5,1,125,11,1,3,4,9,76
68,3-Jul-11,England,Sri Lanka,Sri Lanka,6 wickets,Lord's,11,0,3,5,1,125,11,1,3,4,9,76
69,6-Jul-11,England,Sri Lanka,England,10 wickets,Nottingham,11,0,3,5,1,125,11,1,3,4,9,76
70,9-Jul-11,England,Sri Lanka,England,16 runs,Manchester,11,0,3,5,1,125,11,1,3,4,9,76
71,13-Jun-13,England,Sri Lanka,Sri Lanka,7 wickets,The Oval,11,0,3,5,1,125,11,1,3,4,9,76
72,22-May-14,England,Sri Lanka,England,81 runs,The Oval,11,0,3,5,1,125,11,1,3,4,9,76
73,25-May-14,England,Sri Lanka,Sri Lanka,157 runs,Chester-le-Street,11,0,3,5,1,125,11,1,3,4,9,76
74,28-May-14,England,Sri Lanka,England,10 wickets,Manchester,11,0,3,5,1,125,11,1,3,4,9,76
75,31-May-14,England,Sri Lanka,Sri Lanka,7 runs,Lord's,11,0,3,5,1,125,11,1,3,4,9,76
76,3-Jun-14,England,Sri Lanka,Sri Lanka,6 wickets,Birmingham,11,0,3,5,1,125,11,1,3,4,9,76
77,1-Mar-15,England,Sri Lanka,Sri Lanka,9 wickets,Wellington,11,0,3,5,1,125,11,1,3,4,9,76
78,21-Jun-16,England,Sri Lanka,tied,,Nottingham,11,0,3,5,1,125,11,1,3,4,9,76
79,24-Jun-16,England,Sri Lanka,England,10 wickets,Birmingham,11,0,3,5,1,125,11,1,3,4,9,76
80,26-Jun-16,England,Sri Lanka,no result,,Bristol,11,0,3,5,1,125,11,1,3,4,9,76
81,29-Jun-16,England,Sri Lanka,England,6 wickets,The Oval,11,0,3,5,1,125,11,1,3,4,9,76
82,2-Jul-16,England,Sri Lanka,England,122 runs,Cardiff,11,0,3,5,1,125,11,1,3,4,9,76
83,11-Jan-12,South Africa,Sri Lanka,South Africa,258 runs,Paarl,6,0,0,4,3,115,11,1,3,4,9,76
84,14-Jan-12,South Africa,Sri Lanka,South Africa,5 wickets,East London,6,0,0,4,3,115,11,1,3,4,9,76
85,17-Jan-12,South Africa,Sri Lanka,South Africa,4 runs,Bloemfontein,6,0,0,4,3,115,11,1,3,4,9,76
86,20-Jan-12,South Africa,Sri Lanka,Sri Lanka,5 wickets,Kimberley,6,0,0,4,3,115,11,1,3,4,9,76
87,22-Jan-12,South Africa,Sri Lanka,Sri Lanka,2 wickets,Johannesburg,6,0,0,4,3,115,11,1,3,4,9,76
88,18-Mar-15,South Africa,Sri Lanka,South Africa,9 wickets,Sydney,6,0,0,4,3,115,11,1,3,4,9,76
89,28-Jan-17,South Africa,Sri Lanka,South Africa,8 wickets,Port Elizabeth,6,0,0,4,3,115,11,1,3,4,9,76
90,1-Feb-17,South Africa,Sri Lanka,South Africa,121 runs,Durban,6,0,0,4,3,115,11,1,3,4,9,76
91,4-Feb-17,South Africa,Sri Lanka,South Africa,7 wickets,Johannesburg,6,0,0,4,3,115,11,1,3,4,9,76
92,7-Feb-17,South Africa,Sri Lanka,South Africa,40 runs,Cape Town,6,0,0,4,3,115,11,1,3,4,9,76
93,10-Feb-17,South Africa,Sri Lanka,South Africa,88 runs,Centurion,6,0,0,4,3,115,11,1,3,4,9,76
94,3-Jun-17,South Africa,Sri Lanka,South Africa,96 runs,The Oval,6,0,0,4,3,115,11,1,3,4,9,76
95,11-Nov-11,Pakistan,Sri Lanka,Pakistan,8 wickets,Dubai (DSC),11,1,2,6,6,94,11,1,3,4,9,76
96,14-Nov-11,Pakistan,Sri Lanka,Sri Lanka,25 runs,Dubai (DSC),11,1,2,6,6,94,11,1,3,4,9,76
97,18-Nov-11,Pakistan,Sri Lanka,Pakistan,21 runs,Dubai (DSC),11,1,2,6,6,94,11,1,3,4,9,76
98,20-Nov-11,Pakistan,Sri Lanka,Pakistan,26 runs,Sharjah,11,1,2,6,6,94,11,1,3,4,9,76
99,23-Nov-11,Pakistan,Sri Lanka,Pakistan,3 wickets,Abu Dhabi,11,1,2,6,6,94,11,1,3,4,9,76
100,15-Mar-12,Pakistan,Sri Lanka,Pakistan,6 wickets,Dhaka,11,1,2,6,6,94,11,1,3,4,9,76
101,18-Dec-13,Pakistan,Sri Lanka,Pakistan,11 runs,Sharjah,11,1,2,6,6,94,11,1,3,4,9,76
102,20-Dec-13,Pakistan,Sri Lanka,Sri Lanka,2 wickets,Dubai (DSC),11,1,2,6,6,94,11,1,3,4,9,76
103,22-Dec-13,Pakistan,Sri Lanka,Pakistan,113 runs,Sharjah,11,1,2,6,6,94,11,1,3,4,9,76
104,25-Dec-13,Pakistan,Sri Lanka,Pakistan,8 wickets,Abu Dhabi,11,1,2,6,6,94,11,1,3,4,9,76
105,27-Dec-13,Pakistan,Sri Lanka,Sri Lanka,2 wickets,Abu Dhabi,11,1,2,6,6,94,11,1,3,4,9,76
106,25-Feb-14,Pakistan,Sri Lanka,Sri Lanka,12 runs,Fatullah,11,1,2,6,6,94,11,1,3,4,9,76
107,8-Mar-14,Pakistan,Sri Lanka,Sri Lanka,5 wickets,Dhaka,11,1,2,6,6,94,11,1,3,4,9,76
108,12-Jun-17,Pakistan,Sri Lanka,Pakistan,3 wickets,Cardiff,11,1,2,6,6,94,11,1,3,4,9,76
109,13-Oct-17,Pakistan,Sri Lanka,Pakistan,83 runs,Dubai (DSC),11,1,2,6,6,94,11,1,3,4,9,76
110,16-Oct-17,Pakistan,Sri Lanka,Pakistan,32 runs,Abu Dhabi,11,1,2,6,6,94,11,1,3,4,9,76
111,18-Oct-17,Pakistan,Sri Lanka,Pakistan,7 wickets,Abu Dhabi,11,1,2,6,6,94,11,1,3,4,9,76
112,20-Oct-17,Pakistan,Sri Lanka,Pakistan,7 wickets,Sharjah,11,1,2,6,6,94,11,1,3,4,9,76
113,23-Oct-17,Pakistan,Sri Lanka,Pakistan,9 wickets,Sharjah,11,1,2,6,6,94,11,1,3,4,9,76
114,7-Jan-10,Bangladesh,India,India,6 wickets,Dhaka,5,0,0,0,7,90,11,2,3,6,2,121
115,11-Jan-10,Bangladesh,India,India,6 wickets,Dhaka,5,0,0,0,7,90,11,2,3,6,2,121
116,16-Jun-10,Bangladesh,India,India,6 wickets,Dambulla,5,0,0,0,7,90,11,2,3,6,2,121
117,19-Feb-11,Bangladesh,India,India,87 runs,Dhaka,5,0,0,0,7,90,11,2,3,6,2,121
118,16-Mar-12,Bangladesh,India,Bangladesh,5 wickets,Dhaka,5,0,0,0,7,90,11,2,3,6,2,121
119,26-Feb-14,Bangladesh,India,India,6 wickets,Fatullah,5,0,0,0,7,90,11,2,3,6,2,121
120,15-Jun-14,Bangladesh,India,India,7 wickets,Dhaka,5,0,0,0,7,90,11,2,3,6,2,121
121,17-Jun-14,Bangladesh,India,India,47 runs,Dhaka,5,0,0,0,7,90,11,2,3,6,2,121
122,19-Jun-14,Bangladesh,India,no result,,Dhaka,5,0,0,0,7,90,11,2,3,6,2,121
123,19-Mar-15,Bangladesh,India,India,109 runs,Melbourne,5,0,0,0,7,90,11,2,3,6,2,121
124,18-Jun-15,Bangladesh,India,Bangladesh,79 runs,Dhaka,5,0,0,0,7,90,11,2,3,6,2,121
125,21-Jun-15,Bangladesh,India,Bangladesh,6 wickets,Dhaka,5,0,0,0,7,90,11,2,3,6,2,121
126,24-Jun-15,Bangladesh,India,India,77 runs,Dhaka,5,0,0,0,7,90,11,2,3,6,2,121
127,15-Jun-17,Bangladesh,India,India,9 wickets,Birmingham,5,0,0,0,7,90,11,2,3,6,2,121
128,5-Feb-12,Australia,India,Australia,65 runs,Melbourne,11,5,6,7,5,109,11,2,3,6,2,121
129,12-Feb-12,Australia,India,India,4 wickets,Adelaide,11,5,6,7,5,109,11,2,3,6,2,121
130,19-Feb-12,Australia,India,Australia,110 runs,Brisbane,11,5,6,7,5,109,11,2,3,6,2,121
131,26-Feb-12,Australia,India,Australia,87 runs,Sydney,11,5,6,7,5,109,11,2,3,6,2,121
132,18-Jan-15,Australia,India,Australia,4 wickets,Melbourne,11,5,6,7,5,109,11,2,3,6,2,121
133,26-Jan-15,Australia,India,no result,,Sydney,11,5,6,7,5,109,11,2,3,6,2,121
134,26-Mar-15,Australia,India,Australia,95 runs,Sydney,11,5,6,7,5,109,11,2,3,6,2,121
135,12-Jan-16,Australia,India,Australia,5 wickets,Perth,11,5,6,7,5,109,11,2,3,6,2,121
136,15-Jan-16,Australia,India,Australia,7 wickets,Brisbane,11,5,6,7,5,109,11,2,3,6,2,121
137,17-Jan-16,Australia,India,Australia,3 wickets,Melbourne,11,5,6,7,5,109,11,2,3,6,2,121
138,20-Jan-16,Australia,India,Australia,25 runs,Canberra,11,5,6,7,5,109,11,2,3,6,2,121
139,23-Jan-16,Australia,India,India,6 wickets,Sydney,11,5,6,7,5,109,11,2,3,6,2,121
140,19-Jan-14,New Zealand,India,New Zealand,24 runs,Napier,11,0,1,7,4,113,11,2,3,6,2,121
141,22-Jan-14,New Zealand,India,New Zealand,15 runs,Hamilton,11,0,1,7,4,113,11,2,3,6,2,121
142,25-Jan-14,New Zealand,India,tied,,Auckland,11,0,1,7,4,113,11,2,3,6,2,121
143,28-Jan-14,New Zealand,India,New Zealand,7 wickets,Hamilton,11,0,1,7,4,113,11,2,3,6,2,121
144,31-Jan-14,New Zealand,India,New Zealand,87 runs,Wellington,11,0,1,7,4,113,11,2,3,6,2,121
145,5-Mar-14,Afghanistan,India,India,8 wickets,Dhaka,1,0,0,0,10,63,11,2,3,6,2,121
146,6-Jun-11,West Indies,India,India,4 wickets,Port of Spain,11,2,3,4,8,77,11,2,3,6,2,121
147,8-Jun-11,West Indies,India,India,7 wickets,Port of Spain,11,2,3,4,8,77,11,2,3,6,2,121
148,11-Jun-11,West Indies,India,India,3 wickets,North Sound,11,2,3,4,8,77,11,2,3,6,2,121
149,13-Jun-11,West Indies,India,West Indies,103 runs,North Sound,11,2,3,4,8,77,11,2,3,6,2,121
150,16-Jun-11,West Indies,India,West Indies,7 wickets,Kingston,11,2,3,4,8,77,11,2,3,6,2,121
151,30-Jun-13,West Indies,India,West Indies,1 wicket,Kingston,11,2,3,4,8,77,11,2,3,6,2,121
152,5-Jul-13,West Indies,India,India,102 runs,Port of Spain,11,2,3,4,8,77,11,2,3,6,2,121
153,23-Jun-17,West Indies,India,no result,,Port of Spain,11,2,3,4,8,77,11,2,3,6,2,121
154,25-Jun-17,West Indies,India,India,105 runs,Port of Spain,11,2,3,4,8,77,11,2,3,6,2,121
155,30-Jun-17,West Indies,India,India,93 runs,North Sound,11,2,3,4,8,77,11,2,3,6,2,121
156,2-Jul-17,West Indies,India,West Indies,11 runs,North Sound,11,2,3,4,8,77,11,2,3,6,2,121
157,6-Jul-17,West Indies,India,India,8 wickets,Kingston,11,2,3,4,8,77,11,2,3,6,2,121
158,22-Jun-10,Sri Lanka,India,Sri Lanka,7 wickets,Dambulla,11,1,3,4,9,76,11,2,3,6,2,121
159,24-Jun-10,Sri Lanka,India,India,81 runs,Dambulla,11,1,3,4,9,76,11,2,3,6,2,121
160,16-Aug-10,Sri Lanka,India,India,6 wickets,Dambulla,11,1,3,4,9,76,11,2,3,6,2,121
161,22-Aug-10,Sri Lanka,India,Sri Lanka,8 wickets,Dambulla,11,1,3,4,9,76,11,2,3,6,2,121
162,28-Aug-10,Sri Lanka,India,Sri Lanka,74 runs,Dambulla,11,1,3,4,9,76,11,2,3,6,2,121
163,21-Jul-12,Sri Lanka,India,India,21 runs,Hambantota,11,1,3,4,9,76,11,2,3,6,2,121
164,24-Jul-12,Sri Lanka,India,Sri Lanka,9 wickets,Hambantota,11,1,3,4,9,76,11,2,3,6,2,121
165,28-Jul-12,Sri Lanka,India,India,5 wickets,Colombo (RPS),11,1,3,4,9,76,11,2,3,6,2,121
166,31-Jul-12,Sri Lanka,India,India,6 wickets,Colombo (RPS),11,1,3,4,9,76,11,2,3,6,2,121
167,4-Aug-12,Sri Lanka,India,India,20 runs,Pallekele,11,1,3,4,9,76,11,2,3,6,2,121
168,20-Aug-17,Sri Lanka,India,India,9 wickets,Dambulla,11,1,3,4,9,76,11,2,3,6,2,121
169,24-Aug-17,Sri Lanka,India,India,3 wickets,Pallekele,11,1,3,4,9,76,11,2,3,6,2,121
170,27-Aug-17,Sri Lanka,India,India,6 wickets,Pallekele,11,1,3,4,9,76,11,2,3,6,2,121
171,31-Aug-17,Sri Lanka,India,India,168 runs,Colombo (RPS),11,1,3,4,9,76,11,2,3,6,2,121
172,3-Sep-17,Sri Lanka,India,India,6 wickets,Colombo (RPS),11,1,3,4,9,76,11,2,3,6,2,121
173,3-Sep-11,England,India,no result,,Chester-le-Street,11,0,3,5,1,125,11,2,3,6,2,121
174,6-Sep-11,England,India,England,7 wickets,Southampton,11,0,3,5,1,125,11,2,3,6,2,121
175,9-Sep-11,England,India,England,3 wickets,The Oval,11,0,3,5,1,125,11,2,3,6,2,121
176,11-Sep-11,England,India,tied,,Lord's,11,0,3,5,1,125,11,2,3,6,2,121
177,16-Sep-11,England,India,England,6 wickets,Cardiff,11,0,3,5,1,125,11,2,3,6,2,121
178,23-Jun-13,England,India,India,5 runs,Birmingham,11,0,3,5,1,125,11,2,3,6,2,121
179,27-Aug-14,England,India,India,133 runs,Cardiff,11,0,3,5,1,125,11,2,3,6,2,121
180,30-Aug-14,England,India,India,6 wickets,Nottingham,11,0,3,5,1,125,11,2,3,6,2,121
181,2-Sep-14,England,India,India,9 wickets,Birmingham,11,0,3,5,1,125,11,2,3,6,2,121
182,5-Sep-14,England,India,England,41 runs,Leeds,11,0,3,5,1,125,11,2,3,6,2,121
183,20-Jan-15,England,India,England,9 wickets,Brisbane,11,0,3,5,1,125,11,2,3,6,2,121
184,30-Jan-15,England,India,England,3 wickets,Perth,11,0,3,5,1,125,11,2,3,6,2,121
185,12-Jan-11,South Africa,India,South Africa,135 runs,Durban,6,0,0,4,3,115,11,2,3,6,2,121
186,15-Jan-11,South Africa,India,India,1 run,Johannesburg,6,0,0,4,3,115,11,2,3,6,2,121
187,18-Jan-11,South Africa,India,India,2 wickets,Cape Town,6,0,0,4,3,115,11,2,3,6,2,121
188,21-Jan-11,South Africa,India,South Africa,48 runs,Port Elizabeth,6,0,0,4,3,115,11,2,3,6,2,121
189,23-Jan-11,South Africa,India,South Africa,33 runs,Centurion,6,0,0,4,3,115,11,2,3,6,2,121
190,5-Dec-13,South Africa,India,South Africa,141 runs,Johannesburg,6,0,0,4,3,115,11,2,3,6,2,121
191,8-Dec-13,South Africa,India,South Africa,134 runs,Durban,6,0,0,4,3,115,11,2,3,6,2,121
192,11-Dec-13,South Africa,India,no result,,Centurion,6,0,0,4,3,115,11,2,3,6,2,121
193,28-Feb-10,Bangladesh,England,England,6 wickets,Dhaka,5,0,0,0,7,90,11,0,3,5,1,125
194,2-Mar-10,Bangladesh,England,England,2 wickets,Dhaka,5,0,0,0,7,90,11,0,3,5,1,125
195,5-Mar-10,Bangladesh,England,England,45 runs,Chittagong,5,0,0,0,7,90,11,0,3,5,1,125
196,11-Mar-11,Bangladesh,England,Bangladesh,2 wickets,Chittagong,5,0,0,0,7,90,11,0,3,5,1,125
197,9-Mar-15,Bangladesh,England,Bangladesh,15 runs,Adelaide,5,0,0,0,7,90,11,0,3,5,1,125
198,7-Oct-16,Bangladesh,England,England,21 runs,Dhaka,5,0,0,0,7,90,11,0,3,5,1,125
199,9-Oct-16,Bangladesh,England,Bangladesh,34 runs,Dhaka,5,0,0,0,7,90,11,0,3,5,1,125
200,12-Oct-16,Bangladesh,England,England,4 wickets,Chittagong,5,0,0,0,7,90,11,0,3,5,1,125
201,27-Feb-11,India,England,tied,,Bengaluru,11,2,3,6,2,121,11,0,3,5,1,125
202,14-Oct-11,India,England,India,126 runs,Hyderabad (Deccan),11,2,3,6,2,121,11,0,3,5,1,125
203,17-Oct-11,India,England,India,8 wickets,Delhi,11,2,3,6,2,121,11,0,3,5,1,125
204,20-Oct-11,India,England,India,5 wickets,Mohali,11,2,3,6,2,121,11,0,3,5,1,125
205,23-Oct-11,India,England,India,6 wickets,Mumbai,11,2,3,6,2,121,11,0,3,5,1,125
206,25-Oct-11,India,England,India,95 runs,Kolkata,11,2,3,6,2,121,11,0,3,5,1,125
207,11-Jan-13,India,England,England,9 runs,Rajkot,11,2,3,6,2,121,11,0,3,5,1,125
208,15-Jan-13,India,England,India,127 runs,Kochi,11,2,3,6,2,121,11,0,3,5,1,125
209,19-Jan-13,India,England,India,7 wickets,Ranchi,11,2,3,6,2,121,11,0,3,5,1,125
210,23-Jan-13,India,England,India,5 wickets,Mohali,11,2,3,6,2,121,11,0,3,5,1,125
211,27-Jan-13,India,England,England,7 wickets,Dharamsala,11,2,3,6,2,121,11,0,3,5,1,125
212,15-Jan-17,India,England,India,3 wickets,Pune,11,2,3,6,2,121,11,0,3,5,1,125
213,19-Jan-17,India,England,India,15 runs,Cuttack,11,2,3,6,2,121,11,0,3,5,1,125
214,22-Jan-17,India,England,England,5 runs,Kolkata,11,2,3,6,2,121,11,0,3,5,1,125
215,16-Jan-11,Australia,England,Australia,6 wickets,Melbourne,11,5,6,7,5,109,11,0,3,5,1,125
216,21-Jan-11,Australia,England,Australia,46 runs,Hobart,11,5,6,7,5,109,11,0,3,5,1,125
217,23-Jan-11,Australia,England,Australia,4 wickets,Sydney,11,5,6,7,5,109,11,0,3,5,1,125
218,26-Jan-11,Australia,England,England,21 runs,Adelaide,11,5,6,7,5,109,11,0,3,5,1,125
219,30-Jan-11,Australia,England,Australia,51 runs,Brisbane,11,5,6,7,5,109,11,0,3,5,1,125
220,2-Feb-11,Australia,England,Australia,2 wickets,Sydney,11,5,6,7,5,109,11,0,3,5,1,125
221,6-Feb-11,Australia,England,Australia,57 runs,Perth,11,5,6,7,5,109,11,0,3,5,1,125
222,12-Jan-14,Australia,England,Australia,6 wickets,Melbourne,11,5,6,7,5,109,11,0,3,5,1,125
223,17-Jan-14,Australia,England,Australia,1 wicket,Brisbane,11,5,6,7,5,109,11,0,3,5,1,125
224,19-Jan-14,Australia,England,Australia,7 wickets,Sydney,11,5,6,7,5,109,11,0,3,5,1,125
225,24-Jan-14,Australia,England,England,57 runs,Perth,11,5,6,7,5,109,11,0,3,5,1,125
226,26-Jan-14,Australia,England,Australia,5 runs,Adelaide,11,5,6,7,5,109,11,0,3,5,1,125
227,16-Jan-15,Australia,England,Australia,3 wickets,Sydney,11,5,6,7,5,109,11,0,3,5,1,125
228,23-Jan-15,Australia,England,Australia,3 wickets,Hobart,11,5,6,7,5,109,11,0,3,5,1,125
229,1-Feb-15,Australia,England,Australia,112 runs,Perth,11,5,6,7,5,109,11,0,3,5,1,125
230,14-Feb-15,Australia,England,Australia,111 runs,Melbourne,11,5,6,7,5,109,11,0,3,5,1,125
231,17-Feb-13,New Zealand,England,New Zealand,3 wickets,Hamilton,11,0,1,7,4,113,11,0,3,5,1,125
232,20-Feb-13,New Zealand,England,England,8 wickets,Napier,11,0,1,7,4,113,11,0,3,5,1,125
233,23-Feb-13,New Zealand,England,England,5 wickets,Auckland,11,0,1,7,4,113,11,0,3,5,1,125
234,20-Feb-15,New Zealand,England,New Zealand,8 wickets,Wellington,11,0,1,7,4,113,11,0,3,5,1,125
235,13-Mar-15,Afghanistan,England,England,9 wickets,Sydney,1,0,0,0,10,63,11,0,3,5,1,125
236,28-Feb-14,West Indies,England,West Indies,15 runs,North Sound,11,2,3,4,8,77,11,0,3,5,1,125
237,2-Mar-14,West Indies,England,England,3 wickets,North Sound,11,2,3,4,8,77,11,0,3,5,1,125
238,5-Mar-14,West Indies,England,England,25 runs,North Sound,11,2,3,4,8,77,11,0,3,5,1,125
239,3-Mar-17,West Indies,England,England,45 runs,North Sound,11,2,3,4,8,77,11,0,3,5,1,125
240,5-Mar-17,West Indies,England,England,4 wickets,North Sound,11,2,3,4,8,77,11,0,3,5,1,125
241,9-Mar-17,West Indies,England,England,186 runs,Bridgetown,11,2,3,4,8,77,11,0,3,5,1,125
242,26-Mar-11,Sri Lanka,England,Sri Lanka,10 wickets,Colombo (RPS),11,1,3,4,9,76,11,0,3,5,1,125
243,26-Nov-14,Sri Lanka,England,Sri Lanka,25 runs,Colombo (RPS),11,1,3,4,9,76,11,0,3,5,1,125
244,29-Nov-14,Sri Lanka,England,Sri Lanka,8 wickets,Colombo (RPS),11,1,3,4,9,76,11,0,3,5,1,125
245,3-Dec-14,Sri Lanka,England,England,5 wickets,Hambantota,11,1,3,4,9,76,11,0,3,5,1,125
246,7-Dec-14,Sri Lanka,England,Sri Lanka,6 wickets,Colombo (RPS),11,1,3,4,9,76,11,0,3,5,1,125
247,"Dec 10-11, 2014",Sri Lanka,England,England,5 wickets,Pallekele,11,1,3,4,9,76,11,0,3,5,1,125
248,13-Dec-14,Sri Lanka,England,Sri Lanka,90 runs,Pallekele,11,1,3,4,9,76,11,0,3,5,1,125
249,16-Dec-14,Sri Lanka,England,Sri Lanka,87 runs,Colombo (RPS),11,1,3,4,9,76,11,0,3,5,1,125
250,3-Feb-16,South Africa,England,England,39 runs,Bloemfontein,6,0,0,4,3,115,11,0,3,5,1,125
251,6-Feb-16,South Africa,England,England,5 wickets,Port Elizabeth,6,0,0,4,3,115,11,0,3,5,1,125
252,9-Feb-16,South Africa,England,South Africa,7 wickets,Centurion,6,0,0,4,3,115,11,0,3,5,1,125
253,12-Feb-16,South Africa,England,South Africa,1 wicket,Johannesburg,6,0,0,4,3,115,11,0,3,5,1,125
254,14-Feb-16,South Africa,England,South Africa,5 wickets,Cape Town,6,0,0,4,3,115,11,0,3,5,1,125
255,21-Jun-10,Bangladesh,Pakistan,Pakistan,139 runs,Dambulla,5,0,0,0,7,90,11,1,2,6,6,94
256,1-Dec-11,Bangladesh,Pakistan,Pakistan,5 wickets,Dhaka,5,0,0,0,7,90,11,1,2,6,6,94
257,3-Dec-11,Bangladesh,Pakistan,Pakistan,76 runs,Dhaka,5,0,0,0,7,90,11,1,2,6,6,94
258,6-Dec-11,Bangladesh,Pakistan,Pakistan,58 runs,Chittagong,5,0,0,0,7,90,11,1,2,6,6,94
259,11-Mar-12,Bangladesh,Pakistan,Pakistan,21 runs,Dhaka,5,0,0,0,7,90,11,1,2,6,6,94
260,22-Mar-12,Bangladesh,Pakistan,Pakistan,2 runs,Dhaka,5,0,0,0,7,90,11,1,2,6,6,94
261,4-Mar-14,Bangladesh,Pakistan,Pakistan,3 wickets,Dhaka,5,0,0,0,7,90,11,1,2,6,6,94
262,17-Apr-15,Bangladesh,Pakistan,Bangladesh,79 runs,Dhaka,5,0,0,0,7,90,11,1,2,6,6,94
263,19-Apr-15,Bangladesh,Pakistan,Bangladesh,7 wickets,Dhaka,5,0,0,0,7,90,11,1,2,6,6,94
264,22-Apr-15,Bangladesh,Pakistan,Bangladesh,8 wickets,Dhaka,5,0,0,0,7,90,11,1,2,6,6,94
265,19-Jun-10,India,Pakistan,India,3 wickets,Dambulla,11,2,3,6,2,121,11,1,2,6,6,94
266,30-Mar-11,India,Pakistan,India,29 runs,Mohali,11,2,3,6,2,121,11,1,2,6,6,94
267,18-Mar-12,India,Pakistan,India,6 wickets,Dhaka,11,2,3,6,2,121,11,1,2,6,6,94
268,30-Dec-12,India,Pakistan,Pakistan,6 wickets,Chennai,11,2,3,6,2,121,11,1,2,6,6,94
269,3-Jan-13,India,Pakistan,Pakistan,85 runs,Kolkata,11,2,3,6,2,121,11,1,2,6,6,94
270,6-Jan-13,India,Pakistan,India,10 runs,Delhi,11,2,3,6,2,121,11,1,2,6,6,94
271,15-Jun-13,India,Pakistan,India,8 wickets,Birmingham,11,2,3,6,2,121,11,1,2,6,6,94
272,2-Mar-14,India,Pakistan,Pakistan,1 wicket,Dhaka,11,2,3,6,2,121,11,1,2,6,6,94
273,15-Feb-15,India,Pakistan,India,76 runs,Adelaide,11,2,3,6,2,121,11,1,2,6,6,94
274,4-Jun-17,India,Pakistan,India,124 runs,Birmingham,11,2,3,6,2,121,11,1,2,6,6,94
275,18-Jun-17,India,Pakistan,Pakistan,180 runs,The Oval,11,2,3,6,2,121,11,1,2,6,6,94
276,22-Jan-10,Australia,Pakistan,Australia,5 wickets,Brisbane,11,5,6,7,5,109,11,1,2,6,6,94
277,24-Jan-10,Australia,Pakistan,Australia,140 runs,Sydney,11,5,6,7,5,109,11,1,2,6,6,94
278,26-Jan-10,Australia,Pakistan,Australia,40 runs,Adelaide,11,5,6,7,5,109,11,1,2,6,6,94
279,29-Jan-10,Australia,Pakistan,Australia,135 runs,Perth,11,5,6,7,5,109,11,1,2,6,6,94
280,31-Jan-10,Australia,Pakistan,Australia,2 wickets,Perth,11,5,6,7,5,109,11,1,2,6,6,94
281,19-Mar-11,Australia,Pakistan,Pakistan,4 wickets,Colombo (RPS),11,5,6,7,5,109,11,1,2,6,6,94
282,28-Aug-12,Australia,Pakistan,Australia,4 wickets,Sharjah,11,5,6,7,5,109,11,1,2,6,6,94
283,31-Aug-12,Australia,Pakistan,Pakistan,7 wickets,Abu Dhabi,11,5,6,7,5,109,11,1,2,6,6,94
284,3-Sep-12,Australia,Pakistan,Australia,3 wickets,Sharjah,11,5,6,7,5,109,11,1,2,6,6,94
285,7-Oct-14,Australia,Pakistan,Australia,93 runs,Sharjah,11,5,6,7,5,109,11,1,2,6,6,94
286,10-Oct-14,Australia,Pakistan,Australia,5 wickets,Dubai (DSC),11,5,6,7,5,109,11,1,2,6,6,94
287,12-Oct-14,Australia,Pakistan,Australia,1 run,Abu Dhabi,11,5,6,7,5,109,11,1,2,6,6,94
288,20-Mar-15,Australia,Pakistan,Australia,6 wickets,Adelaide,11,5,6,7,5,109,11,1,2,6,6,94
289,13-Jan-17,Australia,Pakistan,Australia,92 runs,Brisbane,11,5,6,7,5,109,11,1,2,6,6,94
290,15-Jan-17,Australia,Pakistan,Pakistan,6 wickets,Melbourne,11,5,6,7,5,109,11,1,2,6,6,94
291,19-Jan-17,Australia,Pakistan,Australia,7 wickets,Perth,11,5,6,7,5,109,11,1,2,6,6,94
292,22-Jan-17,Australia,Pakistan,Australia,86 runs,Sydney,11,5,6,7,5,109,11,1,2,6,6,94
293,26-Jan-17,Australia,Pakistan,Australia,57 runs,Adelaide,11,5,6,7,5,109,11,1,2,6,6,94
294,22-Jan-11,New Zealand,Pakistan,New Zealand,9 wickets,Wellington,11,0,1,7,4,113,11,1,2,6,6,94
295,26-Jan-11,New Zealand,Pakistan,no result,,Queenstown,11,0,1,7,4,113,11,1,2,6,6,94
296,29-Jan-11,New Zealand,Pakistan,Pakistan,43 runs,Christchurch,11,0,1,7,4,113,11,1,2,6,6,94
297,1-Feb-11,New Zealand,Pakistan,Pakistan,2 wickets,Napier,11,0,1,7,4,113,11,1,2,6,6,94
298,3-Feb-11,New Zealand,Pakistan,Pakistan,41 runs,Hamilton,11,0,1,7,4,113,11,1,2,6,6,94
299,5-Feb-11,New Zealand,Pakistan,New Zealand,57 runs,Auckland,11,0,1,7,4,113,11,1,2,6,6,94
300,8-Mar-11,New Zealand,Pakistan,New Zealand,110 runs,Pallekele,11,0,1,7,4,113,11,1,2,6,6,94
301,8-Dec-14,New Zealand,Pakistan,Pakistan,3 wickets,Dubai (DSC),11,0,1,7,4,113,11,1,2,6,6,94
302,12-Dec-14,New Zealand,Pakistan,New Zealand,4 wickets,Sharjah,11,0,1,7,4,113,11,1,2,6,6,94
303,14-Dec-14,New Zealand,Pakistan,Pakistan,147 runs,Sharjah,11,0,1,7,4,113,11,1,2,6,6,94
304,17-Dec-14,New Zealand,Pakistan,New Zealand,7 runs,Abu Dhabi,11,0,1,7,4,113,11,1,2,6,6,94
305,19-Dec-14,New Zealand,Pakistan,New Zealand,68 runs,Abu Dhabi,11,0,1,7,4,113,11,1,2,6,6,94
306,31-Jan-15,New Zealand,Pakistan,New Zealand,7 wickets,Wellington,11,0,1,7,4,113,11,1,2,6,6,94
307,3-Feb-15,New Zealand,Pakistan,New Zealand,119 runs,Napier,11,0,1,7,4,113,11,1,2,6,6,94
308,25-Jan-16,New Zealand,Pakistan,New Zealand,70 runs,Wellington,11,0,1,7,4,113,11,1,2,6,6,94
309,31-Jan-16,New Zealand,Pakistan,New Zealand,3 wickets,Auckland,11,0,1,7,4,113,11,1,2,6,6,94
310,10-Feb-12,Afghanistan,Pakistan,Pakistan,7 wickets,Sharjah,1,0,0,0,10,63,11,1,2,6,6,94
311,27-Feb-14,Afghanistan,Pakistan,Pakistan,72 runs,Fatullah,1,0,0,0,10,63,11,1,2,6,6,94
312,23-Apr-11,West Indies,Pakistan,Pakistan,8 wickets,Gros Islet,11,2,3,4,8,77,11,1,2,6,6,94
313,25-Apr-11,West Indies,Pakistan,Pakistan,7 wickets,Gros Islet,11,2,3,4,8,77,11,1,2,6,6,94
314,28-Apr-11,West Indies,Pakistan,Pakistan,3 wickets,Bridgetown,11,2,3,4,8,77,11,1,2,6,6,94
315,2-May-11,West Indies,Pakistan,West Indies,1 run,Bridgetown,11,2,3,4,8,77,11,1,2,6,6,94
316,5-May-11,West Indies,Pakistan,West Indies,10 wickets,Providence,11,2,3,4,8,77,11,1,2,6,6,94
317,14-Jul-13,West Indies,Pakistan,Pakistan,126 runs,Providence,11,2,3,4,8,77,11,1,2,6,6,94
318,16-Jul-13,West Indies,Pakistan,West Indies,37 runs,Providence,11,2,3,4,8,77,11,1,2,6,6,94
319,19-Jul-13,West Indies,Pakistan,tied,,Gros Islet,11,2,3,4,8,77,11,1,2,6,6,94
320,21-Jul-13,West Indies,Pakistan,Pakistan,6 wickets,Gros Islet,11,2,3,4,8,77,11,1,2,6,6,94
321,24-Jul-13,West Indies,Pakistan,Pakistan,4 wickets,Gros Islet,11,2,3,4,8,77,11,1,2,6,6,94
322,7-Apr-17,West Indies,Pakistan,West Indies,4 wickets,Providence,11,2,3,4,8,77,11,1,2,6,6,94
323,9-Apr-17,West Indies,Pakistan,Pakistan,74 runs,Providence,11,2,3,4,8,77,11,1,2,6,6,94
324,11-Apr-17,West Indies,Pakistan,Pakistan,6 wickets,Providence,11,2,3,4,8,77,11,1,2,6,6,94
325,15-Jun-10,Sri Lanka,Pakistan,Sri Lanka,16 runs,Dambulla,11,1,3,4,9,76,11,1,2,6,6,94
326,26-Feb-11,Sri Lanka,Pakistan,Pakistan,11 runs,Colombo (RPS),11,1,3,4,9,76,11,1,2,6,6,94
327,7-Jun-12,Sri Lanka,Pakistan,Pakistan,6 wickets,Pallekele,11,1,3,4,9,76,11,1,2,6,6,94
328,9-Jun-12,Sri Lanka,Pakistan,Sri Lanka,76 runs,Pallekele,11,1,3,4,9,76,11,1,2,6,6,94
329,13-Jun-12,Sri Lanka,Pakistan,no result,,Colombo (RPS),11,1,3,4,9,76,11,1,2,6,6,94
330,16-Jun-12,Sri Lanka,Pakistan,Sri Lanka,44 runs,Colombo (RPS),11,1,3,4,9,76,11,1,2,6,6,94
331,18-Jun-12,Sri Lanka,Pakistan,Sri Lanka,2 wickets,Colombo (RPS),11,1,3,4,9,76,11,1,2,6,6,94
332,23-Aug-14,Sri Lanka,Pakistan,Pakistan,4 wickets,Hambantota,11,1,3,4,9,76,11,1,2,6,6,94
333,26-Aug-14,Sri Lanka,Pakistan,Sri Lanka,77 runs,Hambantota,11,1,3,4,9,76,11,1,2,6,6,94
334,30-Aug-14,Sri Lanka,Pakistan,Sri Lanka,7 wickets,Dambulla,11,1,3,4,9,76,11,1,2,6,6,94
335,11-Jul-15,Sri Lanka,Pakistan,Pakistan,6 wickets,Dambulla,11,1,3,4,9,76,11,1,2,6,6,94
336,15-Jul-15,Sri Lanka,Pakistan,Sri Lanka,2 wickets,Pallekele,11,1,3,4,9,76,11,1,2,6,6,94
337,19-Jul-15,Sri Lanka,Pakistan,Pakistan,135 runs,Colombo (RPS),11,1,3,4,9,76,11,1,2,6,6,94
338,22-Jul-15,Sri Lanka,Pakistan,Pakistan,7 wickets,Colombo (RPS),11,1,3,4,9,76,11,1,2,6,6,94
339,26-Jul-15,Sri Lanka,Pakistan,Sri Lanka,165 runs,Hambantota,11,1,3,4,9,76,11,1,2,6,6,94
340,10-Sep-10,England,Pakistan,England,24 runs,Chester-le-Street,11,0,3,5,1,125,11,1,2,6,6,94
341,12-Sep-10,England,Pakistan,England,4 wickets,Leeds,11,0,3,5,1,125,11,1,2,6,6,94
342,17-Sep-10,England,Pakistan,Pakistan,23 runs,The Oval,11,0,3,5,1,125,11,1,2,6,6,94
343,20-Sep-10,England,Pakistan,Pakistan,38 runs,Lord's,11,0,3,5,1,125,11,1,2,6,6,94
344,22-Sep-10,England,Pakistan,England,121 runs,Southampton,11,0,3,5,1,125,11,1,2,6,6,94
345,13-Feb-12,England,Pakistan,England,130 runs,Abu Dhabi,11,0,3,5,1,125,11,1,2,6,6,94
346,15-Feb-12,England,Pakistan,England,20 runs,Abu Dhabi,11,0,3,5,1,125,11,1,2,6,6,94
347,18-Feb-12,England,Pakistan,England,9 wickets,Dubai (DSC),11,0,3,5,1,125,11,1,2,6,6,94
348,21-Feb-12,England,Pakistan,England,4 wickets,Dubai (DSC),11,0,3,5,1,125,11,1,2,6,6,94
349,11-Nov-15,England,Pakistan,Pakistan,6 wickets,Abu Dhabi,11,0,3,5,1,125,11,1,2,6,6,94
350,13-Nov-15,England,Pakistan,England,95 runs,Abu Dhabi,11,0,3,5,1,125,11,1,2,6,6,94
351,17-Nov-15,England,Pakistan,England,6 wickets,Sharjah,11,0,3,5,1,125,11,1,2,6,6,94
352,20-Nov-15,England,Pakistan,England,84 runs,Dubai (DSC),11,0,3,5,1,125,11,1,2,6,6,94
353,24-Aug-16,England,Pakistan,England,44 runs,Southampton,11,0,3,5,1,125,11,1,2,6,6,94
354,27-Aug-16,England,Pakistan,England,4 wickets,Lord's,11,0,3,5,1,125,11,1,2,6,6,94
355,30-Aug-16,England,Pakistan,England,169 runs,Nottingham,11,0,3,5,1,125,11,1,2,6,6,94
356,1-Sep-16,England,Pakistan,England,4 wickets,Leeds,11,0,3,5,1,125,11,1,2,6,6,94
357,4-Sep-16,England,Pakistan,Pakistan,4 wickets,Cardiff,11,0,3,5,1,125,11,1,2,6,6,94
358,14-Jun-17,England,Pakistan,Pakistan,8 wickets,Cardiff,11,0,3,5,1,125,11,1,2,6,6,94
359,10-Mar-13,South Africa,Pakistan,South Africa,125 runs,Bloemfontein,6,0,0,4,3,115,11,1,2,6,6,94
360,15-Mar-13,South Africa,Pakistan,Pakistan,6 wickets,Centurion,6,0,0,4,3,115,11,1,2,6,6,94
361,17-Mar-13,South Africa,Pakistan,South Africa,34 runs,Johannesburg,6,0,0,4,3,115,11,1,2,6,6,94
362,21-Mar-13,South Africa,Pakistan,Pakistan,3 wickets,Durban,6,0,0,4,3,115,11,1,2,6,6,94
363,24-Mar-13,South Africa,Pakistan,South Africa,6 wickets,Benoni,6,0,0,4,3,115,11,1,2,6,6,94
364,24-Nov-13,South Africa,Pakistan,Pakistan,23 runs,Cape Town,6,0,0,4,3,115,11,1,2,6,6,94
365,27-Nov-13,South Africa,Pakistan,Pakistan,1 run,Port Elizabeth,6,0,0,4,3,115,11,1,2,6,6,94
366,30-Nov-13,South Africa,Pakistan,South Africa,4 wickets,Centurion,6,0,0,4,3,115,11,1,2,6,6,94
367,5-Oct-10,Bangladesh,New Zealand,Bangladesh,9 runs,Dhaka,5,0,0,0,7,90,11,0,1,7,4,113
368,11-Oct-10,Bangladesh,New Zealand,Bangladesh,7 wickets,Dhaka,5,0,0,0,7,90,11,0,1,7,4,113
369,14-Oct-10,Bangladesh,New Zealand,Bangladesh,9 runs,Dhaka,5,0,0,0,7,90,11,0,1,7,4,113
370,17-Oct-10,Bangladesh,New Zealand,Bangladesh,3 runs,Dhaka,5,0,0,0,7,90,11,0,1,7,4,113
371,29-Oct-13,Bangladesh,New Zealand,Bangladesh,43 runs,Dhaka,5,0,0,0,7,90,11,0,1,7,4,113
372,31-Oct-13,Bangladesh,New Zealand,Bangladesh,40 runs,Dhaka,5,0,0,0,7,90,11,0,1,7,4,113
373,3-Nov-13,Bangladesh,New Zealand,Bangladesh,4 wickets,Fatullah,5,0,0,0,7,90,11,0,1,7,4,113
374,17-May-17,Bangladesh,New Zealand,New Zealand,4 wickets,Dublin,5,0,0,0,7,90,11,0,1,7,4,113
375,24-May-17,Bangladesh,New Zealand,Bangladesh,5 wickets,Dublin,5,0,0,0,7,90,11,0,1,7,4,113
376,9-Jun-17,Bangladesh,New Zealand,Bangladesh,5 wickets,Cardiff,5,0,0,0,7,90,11,0,1,7,4,113
377,10-Aug-10,India,New Zealand,New Zealand,200 runs,Dambulla,11,2,3,6,2,121,11,0,1,7,4,113
378,25-Aug-10,India,New Zealand,India,105 runs,Dambulla,11,2,3,6,2,121,11,0,1,7,4,113
379,28-Nov-10,India,New Zealand,India,40 runs,Guwahati,11,2,3,6,2,121,11,0,1,7,4,113
380,1-Dec-10,India,New Zealand,India,8 wickets,Jaipur,11,2,3,6,2,121,11,0,1,7,4,113
381,4-Dec-10,India,New Zealand,India,9 wickets,Vadodara,11,2,3,6,2,121,11,0,1,7,4,113
382,7-Dec-10,India,New Zealand,India,5 wickets,Bengaluru,11,2,3,6,2,121,11,0,1,7,4,113
383,10-Dec-10,India,New Zealand,India,8 wickets,Chennai,11,2,3,6,2,121,11,0,1,7,4,113
384,16-Oct-16,India,New Zealand,India,6 wickets,Dharamsala,11,2,3,6,2,121,11,0,1,7,4,113
385,20-Oct-16,India,New Zealand,New Zealand,6 runs,Delhi,11,2,3,6,2,121,11,0,1,7,4,113
386,23-Oct-16,India,New Zealand,India,7 wickets,Mohali,11,2,3,6,2,121,11,0,1,7,4,113
387,26-Oct-16,India,New Zealand,New Zealand,19 runs,Ranchi,11,2,3,6,2,121,11,0,1,7,4,113
388,29-Oct-16,India,New Zealand,India,190 runs,Visakhapatnam,11,2,3,6,2,121,11,0,1,7,4,113
389,22-Oct-17,India,New Zealand,New Zealand,6 wickets,Mumbai,11,2,3,6,2,121,11,0,1,7,4,113
390,25-Oct-17,India,New Zealand,India,6 wickets,Pune,11,2,3,6,2,121,11,0,1,7,4,113
391,29-Oct-17,India,New Zealand,India,6 runs,Kanpur,11,2,3,6,2,121,11,0,1,7,4,113
392,25-Feb-11,Australia,New Zealand,Australia,7 wickets,Nagpur,11,5,6,7,5,109,11,0,1,7,4,113
393,12-Jun-13,Australia,New Zealand,no result,,Birmingham,11,5,6,7,5,109,11,0,1,7,4,113
394,29-Mar-15,Australia,New Zealand,Australia,7 wickets,Melbourne,11,5,6,7,5,109,11,0,1,7,4,113
395,4-Dec-16,Australia,New Zealand,Australia,68 runs,Sydney,11,5,6,7,5,109,11,0,1,7,4,113
396,6-Dec-16,Australia,New Zealand,Australia,116 runs,Canberra,11,5,6,7,5,109,11,0,1,7,4,113
397,9-Dec-16,Australia,New Zealand,Australia,117 runs,Melbourne,11,5,6,7,5,109,11,0,1,7,4,113
398,2-Jun-17,Australia,New Zealand,no result,,Birmingham,11,5,6,7,5,109,11,0,1,7,4,113
399,5-Jul-12,West Indies,New Zealand,West Indies,9 wickets,Kingston,11,2,3,4,8,77,11,0,1,7,4,113
400,7-Jul-12,West Indies,New Zealand,West Indies,55 runs,Kingston,11,2,3,4,8,77,11,0,1,7,4,113
401,11-Jul-12,West Indies,New Zealand,New Zealand,88 runs,Basseterre,11,2,3,4,8,77,11,0,1,7,4,113
402,14-Jul-12,West Indies,New Zealand,West Indies,24 runs,Basseterre,11,2,3,4,8,77,11,0,1,7,4,113
403,16-Jul-12,West Indies,New Zealand,West Indies,20 runs,Basseterre,11,2,3,4,8,77,11,0,1,7,4,113
404,13-Aug-10,Sri Lanka,New Zealand,Sri Lanka,3 wickets,Dambulla,11,1,3,4,9,76,11,0,1,7,4,113
405,"Aug 19-20, 2010",Sri Lanka,New Zealand,no result,,Dambulla,11,1,3,4,9,76,11,0,1,7,4,113
406,29-Mar-11,Sri Lanka,New Zealand,Sri Lanka,5 wickets,Colombo (RPS),11,1,3,4,9,76,11,0,1,7,4,113
407,4-Nov-12,Sri Lanka,New Zealand,Sri Lanka,14 runs,Pallekele,11,1,3,4,9,76,11,0,1,7,4,113
408,6-Nov-12,Sri Lanka,New Zealand,Sri Lanka,7 wickets,Pallekele,11,1,3,4,9,76,11,0,1,7,4,113
409,10-Nov-12,Sri Lanka,New Zealand,Sri Lanka,7 wickets,Hambantota,11,1,3,4,9,76,11,0,1,7,4,113
410,12-Nov-12,Sri Lanka,New Zealand,no result,,Hambantota,11,1,3,4,9,76,11,0,1,7,4,113
411,10-Nov-13,Sri Lanka,New Zealand,no result,,Hambantota,11,1,3,4,9,76,11,0,1,7,4,113
412,12-Nov-13,Sri Lanka,New Zealand,New Zealand,4 wickets,Hambantota,11,1,3,4,9,76,11,0,1,7,4,113
413,16-Nov-13,Sri Lanka,New Zealand,Sri Lanka,36 runs,Dambulla,11,1,3,4,9,76,11,0,1,7,4,113
414,31-May-13,England,New Zealand,New Zealand,5 wickets,Lord's,11,0,3,5,1,125,11,0,1,7,4,113
415,2-Jun-13,England,New Zealand,New Zealand,86 runs,Southampton,11,0,3,5,1,125,11,0,1,7,4,113
416,5-Jun-13,England,New Zealand,England,34 runs,Nottingham,11,0,3,5,1,125,11,0,1,7,4,113
417,16-Jun-13,England,New Zealand,England,10 runs,Cardiff,11,0,3,5,1,125,11,0,1,7,4,113
418,9-Jun-15,England,New Zealand,England,210 runs,Birmingham,11,0,3,5,1,125,11,0,1,7,4,113
419,12-Jun-15,England,New Zealand,New Zealand,13 runs,The Oval,11,0,3,5,1,125,11,0,1,7,4,113
420,14-Jun-15,England,New Zealand,New Zealand,3 wickets,Southampton,11,0,3,5,1,125,11,0,1,7,4,113
421,17-Jun-15,England,New Zealand,England,7 wickets,Nottingham,11,0,3,5,1,125,11,0,1,7,4,113
422,20-Jun-15,England,New Zealand,England,3 wickets,Chester-le-Street,11,0,3,5,1,125,11,0,1,7,4,113
423,6-Jun-17,England,New Zealand,England,87 runs,Cardiff,11,0,3,5,1,125,11,0,1,7,4,113
424,19-Jan-13,South Africa,New Zealand,New Zealand,1 wicket,Paarl,6,0,0,4,3,115,11,0,1,7,4,113
425,22-Jan-13,South Africa,New Zealand,New Zealand,27 runs,Kimberley,6,0,0,4,3,115,11,0,1,7,4,113
426,25-Jan-13,South Africa,New Zealand,South Africa,1 wicket,Potchefstroom,6,0,0,4,3,115,11,0,1,7,4,113
427,19-Aug-15,South Africa,New Zealand,South Africa,20 runs,Centurion,6,0,0,4,3,115,11,0,1,7,4,113
428,23-Aug-15,South Africa,New Zealand,New Zealand,8 wickets,Potchefstroom,6,0,0,4,3,115,11,0,1,7,4,113
429,26-Aug-15,South Africa,New Zealand,South Africa,62 runs,Durban,6,0,0,4,3,115,11,0,1,7,4,113
430,4-Mar-11,Bangladesh,West Indies,West Indies,9 wickets,Dhaka,5,0,0,0,7,90,11,2,3,4,8,77
431,13-Oct-11,Bangladesh,West Indies,West Indies,40 runs,Dhaka,5,0,0,0,7,90,11,2,3,4,8,77
432,15-Oct-11,Bangladesh,West Indies,West Indies,8 wickets,Dhaka,5,0,0,0,7,90,11,2,3,4,8,77
433,18-Oct-11,Bangladesh,West Indies,Bangladesh,8 wickets,Chittagong,5,0,0,0,7,90,11,2,3,4,8,77
434,30-Nov-12,Bangladesh,West Indies,Bangladesh,7 wickets,Khulna,5,0,0,0,7,90,11,2,3,4,8,77
435,2-Dec-12,Bangladesh,West Indies,Bangladesh,160 runs,Khulna,5,0,0,0,7,90,11,2,3,4,8,77
436,5-Dec-12,Bangladesh,West Indies,West Indies,4 wickets,Dhaka,5,0,0,0,7,90,11,2,3,4,8,77
437,7-Dec-12,Bangladesh,West Indies,West Indies,75 runs,Dhaka,5,0,0,0,7,90,11,2,3,4,8,77
438,8-Dec-12,Bangladesh,West Indies,Bangladesh,2 wickets,Dhaka,5,0,0,0,7,90,11,2,3,4,8,77
439,20-Mar-11,India,West Indies,India,80 runs,Chennai,11,2,3,6,2,121,11,2,3,4,8,77
440,29-Nov-11,India,West Indies,India,1 wicket,Cuttack,11,2,3,6,2,121,11,2,3,4,8,77
441,2-Dec-11,India,West Indies,India,5 wickets,Visakhapatnam,11,2,3,6,2,121,11,2,3,4,8,77
442,5-Dec-11,India,West Indies,West Indies,16 runs,Ahmedabad,11,2,3,6,2,121,11,2,3,4,8,77
443,8-Dec-11,India,West Indies,India,153 runs,Indore,11,2,3,6,2,121,11,2,3,4,8,77
444,11-Dec-11,India,West Indies,India,34 runs,Chennai,11,2,3,6,2,121,11,2,3,4,8,77
445,11-Jun-13,India,West Indies,India,8 wickets,The Oval,11,2,3,6,2,121,11,2,3,4,8,77
446,21-Nov-13,India,West Indies,India,6 wickets,Kochi,11,2,3,6,2,121,11,2,3,4,8,77
447,24-Nov-13,India,West Indies,West Indies,2 wickets,Visakhapatnam,11,2,3,6,2,121,11,2,3,4,8,77
448,27-Nov-13,India,West Indies,India,5 wickets,Kanpur,11,2,3,6,2,121,11,2,3,4,8,77
449,8-Oct-14,India,West Indies,West Indies,124 runs,Kochi,11,2,3,6,2,121,11,2,3,4,8,77
450,11-Oct-14,India,West Indies,India,48 runs,Delhi,11,2,3,6,2,121,11,2,3,4,8,77
451,17-Oct-14,India,West Indies,India,59 runs,Dharamsala,11,2,3,6,2,121,11,2,3,4,8,77
452,6-Mar-15,India,West Indies,India,4 wickets,Perth,11,2,3,6,2,121,11,2,3,4,8,77
453,7-Feb-10,Australia,West Indies,Australia,113 runs,Melbourne,11,5,6,7,5,109,11,2,3,4,8,77
454,9-Feb-10,Australia,West Indies,Australia,8 wickets,Adelaide,11,5,6,7,5,109,11,2,3,4,8,77
455,12-Feb-10,Australia,West Indies,no result,,Sydney,11,5,6,7,5,109,11,2,3,4,8,77
456,14-Feb-10,Australia,West Indies,Australia,50 runs,Brisbane,11,5,6,7,5,109,11,2,3,4,8,77
457,19-Feb-10,Australia,West Indies,Australia,125 runs,Melbourne,11,5,6,7,5,109,11,2,3,4,8,77
458,1-Feb-13,Australia,West Indies,Australia,9 wickets,Perth,11,5,6,7,5,109,11,2,3,4,8,77
459,3-Feb-13,Australia,West Indies,Australia,54 runs,Perth,11,5,6,7,5,109,11,2,3,4,8,77
460,6-Feb-13,Australia,West Indies,Australia,39 runs,Canberra,11,5,6,7,5,109,11,2,3,4,8,77
461,8-Feb-13,Australia,West Indies,Australia,5 wickets,Sydney,11,5,6,7,5,109,11,2,3,4,8,77
462,10-Feb-13,Australia,West Indies,Australia,17 runs,Melbourne,11,5,6,7,5,109,11,2,3,4,8,77
463,26-Dec-13,New Zealand,West Indies,West Indies,2 wickets,Auckland,11,0,1,7,4,113,11,2,3,4,8,77
464,1-Jan-14,New Zealand,West Indies,New Zealand,159 runs,Queenstown,11,0,1,7,4,113,11,2,3,4,8,77
465,4-Jan-14,New Zealand,West Indies,New Zealand,58 runs,Nelson,11,0,1,7,4,113,11,2,3,4,8,77
466,8-Jan-14,New Zealand,West Indies,West Indies,203 runs,Hamilton,11,0,1,7,4,113,11,2,3,4,8,77
467,21-Mar-15,New Zealand,West Indies,New Zealand,143 runs,Wellington,11,0,1,7,4,113,11,2,3,4,8,77
468,31-Jan-11,Sri Lanka,West Indies,no result,,Colombo (SSC),11,1,3,4,9,76,11,2,3,4,8,77
469,3-Feb-11,Sri Lanka,West Indies,Sri Lanka,8 wickets,Colombo (SSC),11,1,3,4,9,76,11,2,3,4,8,77
470,6-Feb-11,Sri Lanka,West Indies,Sri Lanka,26 runs,Colombo (SSC),11,1,3,4,9,76,11,2,3,4,8,77
471,1-Nov-15,Sri Lanka,West Indies,Sri Lanka,1 wicket,Colombo (RPS),11,1,3,4,9,76,11,2,3,4,8,77
472,4-Nov-15,Sri Lanka,West Indies,Sri Lanka,8 wickets,Colombo (RPS),11,1,3,4,9,76,11,2,3,4,8,77
473,7-Nov-15,Sri Lanka,West Indies,Sri Lanka,19 runs,Pallekele,11,1,3,4,9,76,11,2,3,4,8,77
474,16-Nov-16,Sri Lanka,West Indies,West Indies,62 runs,Harare,11,1,3,4,9,76,11,2,3,4,8,77
475,23-Nov-16,Sri Lanka,West Indies,Sri Lanka,1 run,Bulawayo,11,1,3,4,9,76,11,2,3,4,8,77
476,17-Mar-11,England,West Indies,England,18 runs,Chennai,11,0,3,5,1,125,11,2,3,4,8,77
477,16-Jun-12,England,West Indies,England,114 runs,Southampton,11,0,3,5,1,125,11,2,3,4,8,77
478,19-Jun-12,England,West Indies,England,8 wickets,The Oval,11,0,3,5,1,125,11,2,3,4,8,77
479,19-Sep-17,England,West Indies,England,7 wickets,Manchester,11,0,3,5,1,125,11,2,3,4,8,77
480,21-Sep-17,England,West Indies,no result,,Nottingham,11,0,3,5,1,125,11,2,3,4,8,77
481,24-Sep-17,England,West Indies,England,124 runs,Bristol,11,0,3,5,1,125,11,2,3,4,8,77
482,27-Sep-17,England,West Indies,England,6 runs,The Oval,11,0,3,5,1,125,11,2,3,4,8,77
483,29-Sep-17,England,West Indies,England,9 wickets,Southampton,11,0,3,5,1,125,11,2,3,4,8,77
484,24-Feb-11,South Africa,West Indies,South Africa,7 wickets,Delhi,6,0,0,4,3,115,11,2,3,4,8,77
485,14-Jun-13,South Africa,West Indies,tied,,Cardiff,6,0,0,4,3,115,11,2,3,4,8,77
486,16-Jan-15,South Africa,West Indies,South Africa,61 runs,Durban,6,0,0,4,3,115,11,2,3,4,8,77
487,18-Jan-15,South Africa,West Indies,South Africa,148 runs,Johannesburg,6,0,0,4,3,115,11,2,3,4,8,77
488,21-Jan-15,South Africa,West Indies,South Africa,9 wickets,East London,6,0,0,4,3,115,11,2,3,4,8,77
489,25-Jan-15,South Africa,West Indies,West Indies,1 wicket,Port Elizabeth,6,0,0,4,3,115,11,2,3,4,8,77
490,28-Jan-15,South Africa,West Indies,South Africa,131 runs,Centurion,6,0,0,4,3,115,11,2,3,4,8,77
491,27-Feb-15,South Africa,West Indies,South Africa,257 runs,Sydney,6,0,0,4,3,115,11,2,3,4,8,77
492,23-Mar-11,Pakistan,West Indies,Pakistan,10 wickets,Dhaka,11,1,2,6,6,94,11,2,3,4,8,77
493,7-Jun-13,Pakistan,West Indies,West Indies,2 wickets,The Oval,11,1,2,6,6,94,11,2,3,4,8,77
494,21-Feb-15,Pakistan,West Indies,West Indies,150 runs,Christchurch,11,1,2,6,6,94,11,2,3,4,8,77
495,30-Sep-16,Pakistan,West Indies,Pakistan,111 runs,Sharjah,11,1,2,6,6,94,11,2,3,4,8,77
496,2-Oct-16,Pakistan,West Indies,Pakistan,59 runs,Sharjah,11,1,2,6,6,94,11,2,3,4,8,77
497,5-Oct-16,Pakistan,West Indies,Pakistan,136 runs,Abu Dhabi,11,1,2,6,6,94,11,2,3,4,8,77
498,19-Mar-11,Bangladesh,South Africa,South Africa,206 runs,Dhaka,5,0,0,0,7,90,6,0,0,4,3,115
499,10-Jul-15,Bangladesh,South Africa,South Africa,8 wickets,Dhaka,5,0,0,0,7,90,6,0,0,4,3,115
500,12-Jul-15,Bangladesh,South Africa,Bangladesh,7 wickets,Dhaka,5,0,0,0,7,90,6,0,0,4,3,115
501,15-Jul-15,Bangladesh,South Africa,Bangladesh,9 wickets,Chittagong,5,0,0,0,7,90,6,0,0,4,3,115
502,21-Feb-10,India,South Africa,India,1 run,Jaipur,11,2,3,6,2,121,6,0,0,4,3,115
503,24-Feb-10,India,South Africa,India,153 runs,Gwalior,11,2,3,6,2,121,6,0,0,4,3,115
504,27-Feb-10,India,South Africa,South Africa,90 runs,Ahmedabad,11,2,3,6,2,121,6,0,0,4,3,115
505,12-Mar-11,India,South Africa,South Africa,3 wickets,Nagpur,11,2,3,6,2,121,6,0,0,4,3,115
506,6-Jun-13,India,South Africa,India,26 runs,Cardiff,11,2,3,6,2,121,6,0,0,4,3,115
507,22-Feb-15,India,South Africa,India,130 runs,Melbourne,11,2,3,6,2,121,6,0,0,4,3,115
508,11-Oct-15,India,South Africa,South Africa,5 runs,Kanpur,11,2,3,6,2,121,6,0,0,4,3,115
509,14-Oct-15,India,South Africa,India,22 runs,Indore,11,2,3,6,2,121,6,0,0,4,3,115
510,18-Oct-15,India,South Africa,South Africa,18 runs,Rajkot,11,2,3,6,2,121,6,0,0,4,3,115
511,22-Oct-15,India,South Africa,India,35 runs,Chennai,11,2,3,6,2,121,6,0,0,4,3,115
512,25-Oct-15,India,South Africa,South Africa,214 runs,Mumbai,11,2,3,6,2,121,6,0,0,4,3,115
513,11-Jun-17,India,South Africa,India,8 wickets,The Oval,11,2,3,6,2,121,6,0,0,4,3,115
514,27-Aug-14,Australia,South Africa,South Africa,7 wickets,Harare,11,5,6,7,5,109,6,0,0,4,3,115
515,2-Sep-14,Australia,South Africa,Australia,62 runs,Harare,11,5,6,7,5,109,6,0,0,4,3,115
516,6-Sep-14,Australia,South Africa,South Africa,6 wickets,Harare,11,5,6,7,5,109,6,0,0,4,3,115
517,14-Nov-14,Australia,South Africa,Australia,32 runs,Perth,11,5,6,7,5,109,6,0,0,4,3,115
518,16-Nov-14,Australia,South Africa,South Africa,3 wickets,Perth,11,5,6,7,5,109,6,0,0,4,3,115
519,19-Nov-14,Australia,South Africa,Australia,73 runs,Canberra,11,5,6,7,5,109,6,0,0,4,3,115
520,21-Nov-14,Australia,South Africa,Australia,3 wickets,Melbourne,11,5,6,7,5,109,6,0,0,4,3,115
521,23-Nov-14,Australia,South Africa,Australia,2 wickets,Sydney,11,5,6,7,5,109,6,0,0,4,3,115
522,7-Jun-16,Australia,South Africa,South Africa,47 runs,Providence,11,5,6,7,5,109,6,0,0,4,3,115
523,11-Jun-16,Australia,South Africa,Australia,36 runs,Basseterre,11,5,6,7,5,109,6,0,0,4,3,115
524,19-Jun-16,Australia,South Africa,no result,,Bridgetown,11,5,6,7,5,109,6,0,0,4,3,115
525,25-Mar-11,New Zealand,South Africa,New Zealand,49 runs,Dhaka,11,0,1,7,4,113,6,0,0,4,3,115
526,25-Feb-12,New Zealand,South Africa,South Africa,6 wickets,Wellington,11,0,1,7,4,113,6,0,0,4,3,115
527,29-Feb-12,New Zealand,South Africa,South Africa,6 wickets,Napier,11,0,1,7,4,113,6,0,0,4,3,115
528,3-Mar-12,New Zealand,South Africa,South Africa,5 wickets,Auckland,11,0,1,7,4,113,6,0,0,4,3,115
529,21-Oct-14,New Zealand,South Africa,South Africa,6 wickets,Mount Maunganui,11,0,1,7,4,113,6,0,0,4,3,115
530,24-Oct-14,New Zealand,South Africa,South Africa,72 runs,Mount Maunganui,11,0,1,7,4,113,6,0,0,4,3,115
531,27-Oct-14,New Zealand,South Africa,no result,,Hamilton,11,0,1,7,4,113,6,0,0,4,3,115
532,24-Mar-15,New Zealand,South Africa,New Zealand,4 wickets,Auckland,11,0,1,7,4,113,6,0,0,4,3,115
533,19-Feb-17,New Zealand,South Africa,South Africa,4 wickets,Hamilton,11,0,1,7,4,113,6,0,0,4,3,115
534,22-Feb-17,New Zealand,South Africa,New Zealand,6 runs,Christchurch,11,0,1,7,4,113,6,0,0,4,3,115
535,25-Feb-17,New Zealand,South Africa,South Africa,159 runs,Wellington,11,0,1,7,4,113,6,0,0,4,3,115
536,1-Mar-17,New Zealand,South Africa,New Zealand,7 wickets,Hamilton,11,0,1,7,4,113,6,0,0,4,3,115
537,4-Mar-17,New Zealand,South Africa,South Africa,6 wickets,Auckland,11,0,1,7,4,113,6,0,0,4,3,115
538,22-May-10,West Indies,South Africa,South Africa,66 runs,North Sound,11,2,3,4,8,77,6,0,0,4,3,115
539,24-May-10,West Indies,South Africa,South Africa,17 runs,North Sound,11,2,3,4,8,77,6,0,0,4,3,115
540,28-May-10,West Indies,South Africa,South Africa,67 runs,Roseau,11,2,3,4,8,77,6,0,0,4,3,115
541,30-May-10,West Indies,South Africa,South Africa,7 wickets,Roseau,11,2,3,4,8,77,6,0,0,4,3,115
542,3-Jun-10,West Indies,South Africa,South Africa,1 wicket,Port of Spain,11,2,3,4,8,77,6,0,0,4,3,115
543,3-Jun-16,West Indies,South Africa,West Indies,4 wickets,Providence,11,2,3,4,8,77,6,0,0,4,3,115
544,15-Jun-16,West Indies,South Africa,South Africa,139 runs,Basseterre,11,2,3,4,8,77,6,0,0,4,3,115
545,24-Jun-16,West Indies,South Africa,West Indies,100 runs,Bridgetown,11,2,3,4,8,77,6,0,0,4,3,115
546,20-Jul-13,Sri Lanka,South Africa,Sri Lanka,180 runs,Colombo (RPS),11,1,3,4,9,76,6,0,0,4,3,115
547,23-Jul-13,Sri Lanka,South Africa,Sri Lanka,17 runs,Colombo (RPS),11,1,3,4,9,76,6,0,0,4,3,115
548,26-Jul-13,Sri Lanka,South Africa,South Africa,56 runs,Pallekele,11,1,3,4,9,76,6,0,0,4,3,115
549,28-Jul-13,Sri Lanka,South Africa,Sri Lanka,8 wickets,Pallekele,11,1,3,4,9,76,6,0,0,4,3,115
550,31-Jul-13,Sri Lanka,South Africa,Sri Lanka,128 runs,Colombo (RPS),11,1,3,4,9,76,6,0,0,4,3,115
551,6-Jul-14,Sri Lanka,South Africa,South Africa,75 runs,Colombo (RPS),11,1,3,4,9,76,6,0,0,4,3,115
552,9-Jul-14,Sri Lanka,South Africa,Sri Lanka,87 runs,Pallekele,11,1,3,4,9,76,6,0,0,4,3,115
553,12-Jul-14,Sri Lanka,South Africa,South Africa,82 runs,Hambantota,11,1,3,4,9,76,6,0,0,4,3,115
554,6-Mar-11,England,South Africa,England,6 runs,Chennai,11,0,3,5,1,125,6,0,0,4,3,115
555,24-Aug-12,England,South Africa,no result,,Cardiff,11,0,3,5,1,125,6,0,0,4,3,115
556,28-Aug-12,England,South Africa,South Africa,80 runs,Southampton,11,0,3,5,1,125,6,0,0,4,3,115
557,31-Aug-12,England,South Africa,England,4 wickets,The Oval,11,0,3,5,1,125,6,0,0,4,3,115
558,2-Sep-12,England,South Africa,England,6 wickets,Lord's,11,0,3,5,1,125,6,0,0,4,3,115
559,5-Sep-12,England,South Africa,South Africa,7 wickets,Nottingham,11,0,3,5,1,125,6,0,0,4,3,115
560,19-Jun-13,England,South Africa,England,7 wickets,The Oval,11,0,3,5,1,125,6,0,0,4,3,115
561,24-May-17,England,South Africa,England,72 runs,Leeds,11,0,3,5,1,125,6,0,0,4,3,115
562,27-May-17,England,South Africa,England,2 runs,Southampton,11,0,3,5,1,125,6,0,0,4,3,115
563,29-May-17,England,South Africa,South Africa,7 wickets,Lord's,11,0,3,5,1,125,6,0,0,4,3,115
564,29-Oct-10,Pakistan,South Africa,South Africa,8 wickets,Abu Dhabi,11,1,2,6,6,94,6,0,0,4,3,115
565,31-Oct-10,Pakistan,South Africa,Pakistan,1 wicket,Abu Dhabi,11,1,2,6,6,94,6,0,0,4,3,115
566,2-Nov-10,Pakistan,South Africa,South Africa,2 runs,Dubai (DSC),11,1,2,6,6,94,6,0,0,4,3,115
567,5-Nov-10,Pakistan,South Africa,Pakistan,1 wicket,Dubai (DSC),11,1,2,6,6,94,6,0,0,4,3,115
568,8-Nov-10,Pakistan,South Africa,South Africa,57 runs,Dubai (DSC),11,1,2,6,6,94,6,0,0,4,3,115
569,10-Jun-13,Pakistan,South Africa,South Africa,67 runs,Birmingham,11,1,2,6,6,94,6,0,0,4,3,115
570,30-Oct-13,Pakistan,South Africa,South Africa,1 run,Sharjah,11,1,2,6,6,94,6,0,0,4,3,115
571,1-Nov-13,Pakistan,South Africa,Pakistan,66 runs,Dubai (DSC),11,1,2,6,6,94,6,0,0,4,3,115
572,6-Nov-13,Pakistan,South Africa,South Africa,68 runs,Abu Dhabi,11,1,2,6,6,94,6,0,0,4,3,115
573,8-Nov-13,Pakistan,South Africa,South Africa,28 runs,Abu Dhabi,11,1,2,6,6,94,6,0,0,4,3,115
574,11-Nov-13,Pakistan,South Africa,South Africa,117 runs,Sharjah,11,1,2,6,6,94,6,0,0,4,3,115
575,7-Mar-15,Pakistan,South Africa,Pakistan,29 runs,Auckland,11,1,2,6,6,94,6,0,0,4,3,115
576,7-Jun-17,Pakistan,South Africa,Pakistan,19 runs,Birmingham,11,1,2,6,6,94,6,0,0,4,3,115
577,9-Apr-11,Bangladesh,Australia,Australia,60 runs,Dhaka,5,0,0,0,7,90,11,5,6,7,5,109
578,11-Apr-11,Bangladesh,Australia,Australia,9 wickets,Dhaka,5,0,0,0,7,90,11,5,6,7,5,109
579,13-Apr-11,Bangladesh,Australia,Australia,66 runs,Dhaka,5,0,0,0,7,90,11,5,6,7,5,109
580,20-Oct-10,India,Australia,India,5 wickets,Visakhapatnam,11,2,3,6,2,121,11,5,6,7,5,109
581,24-Mar-11,India,Australia,India,5 wickets,Ahmedabad,11,2,3,6,2,121,11,5,6,7,5,109
582,13-Oct-13,India,Australia,Australia,72 runs,Pune,11,2,3,6,2,121,11,5,6,7,5,109
583,16-Oct-13,India,Australia,India,9 wickets,Jaipur,11,2,3,6,2,121,11,5,6,7,5,109
584,19-Oct-13,India,Australia,Australia,4 wickets,Mohali,11,2,3,6,2,121,11,5,6,7,5,109
585,23-Oct-13,India,Australia,no result,,Ranchi,11,2,3,6,2,121,11,5,6,7,5,109
586,30-Oct-13,India,Australia,India,6 wickets,Nagpur,11,2,3,6,2,121,11,5,6,7,5,109
587,2-Nov-13,India,Australia,India,57 runs,Bengaluru,11,2,3,6,2,121,11,5,6,7,5,109
588,17-Sep-17,India,Australia,India,26 runs,Chennai,11,2,3,6,2,121,11,5,6,7,5,109
589,21-Sep-17,India,Australia,India,50 runs,Kolkata,11,2,3,6,2,121,11,5,6,7,5,109
590,24-Sep-17,India,Australia,India,5 wickets,Indore,11,2,3,6,2,121,11,5,6,7,5,109
591,28-Sep-17,India,Australia,Australia,21 runs,Bengaluru,11,2,3,6,2,121,11,5,6,7,5,109
592,1-Oct-17,India,Australia,India,7 wickets,Nagpur,11,2,3,6,2,121,11,5,6,7,5,109
593,3-Mar-10,New Zealand,Australia,New Zealand,2 wickets,Napier,11,0,1,7,4,113,11,5,6,7,5,109
594,6-Mar-10,New Zealand,Australia,Australia,12 runs,Auckland,11,0,1,7,4,113,11,5,6,7,5,109
595,9-Mar-10,New Zealand,Australia,Australia,6 wickets,Hamilton,11,0,1,7,4,113,11,5,6,7,5,109
596,11-Mar-10,New Zealand,Australia,Australia,6 wickets,Auckland,11,0,1,7,4,113,11,5,6,7,5,109
597,13-Mar-10,New Zealand,Australia,New Zealand,51 runs,Wellington,11,0,1,7,4,113,11,5,6,7,5,109
598,28-Feb-15,New Zealand,Australia,New Zealand,1 wicket,Auckland,11,0,1,7,4,113,11,5,6,7,5,109
599,3-Feb-16,New Zealand,Australia,New Zealand,159 runs,Auckland,11,0,1,7,4,113,11,5,6,7,5,109
600,6-Feb-16,New Zealand,Australia,Australia,4 wickets,Wellington,11,0,1,7,4,113,11,5,6,7,5,109
601,8-Feb-16,New Zealand,Australia,New Zealand,55 runs,Hamilton,11,0,1,7,4,113,11,5,6,7,5,109
602,30-Jan-17,New Zealand,Australia,New Zealand,6 runs,Auckland,11,0,1,7,4,113,11,5,6,7,5,109
603,5-Feb-17,New Zealand,Australia,New Zealand,24 runs,Hamilton,11,0,1,7,4,113,11,5,6,7,5,109
604,25-Aug-12,Afghanistan,Australia,Australia,66 runs,Sharjah,1,0,0,0,10,63,11,5,6,7,5,109
605,16-Mar-12,West Indies,Australia,Australia,64 runs,Kingstown,11,2,3,4,8,77,11,5,6,7,5,109
606,18-Mar-12,West Indies,Australia,West Indies,5 wickets,Kingstown,11,2,3,4,8,77,11,5,6,7,5,109
607,20-Mar-12,West Indies,Australia,tied,,Kingstown,11,2,3,4,8,77,11,5,6,7,5,109
608,23-Mar-12,West Indies,Australia,West Indies,42 runs,Gros Islet,11,2,3,4,8,77,11,5,6,7,5,109
609,25-Mar-12,West Indies,Australia,Australia,30 runs,Gros Islet,11,2,3,4,8,77,11,5,6,7,5,109
610,5-Jun-16,West Indies,Australia,Australia,6 wickets,Providence,11,2,3,4,8,77,11,5,6,7,5,109
611,13-Jun-16,West Indies,Australia,West Indies,4 wickets,Basseterre,11,2,3,4,8,77,11,5,6,7,5,109
612,21-Jun-16,West Indies,Australia,Australia,6 wickets,Bridgetown,11,2,3,4,8,77,11,5,6,7,5,109
613,26-Jun-16,West Indies,Australia,Australia,58 runs,Bridgetown,11,2,3,4,8,77,11,5,6,7,5,109
614,5-Mar-11,Sri Lanka,Australia,no result,,Colombo (RPS),11,1,3,4,9,76,11,5,6,7,5,109
615,10-Aug-11,Sri Lanka,Australia,Australia,7 wickets,Pallekele,11,1,3,4,9,76,11,5,6,7,5,109
616,14-Aug-11,Sri Lanka,Australia,Australia,8 wickets,Hambantota,11,1,3,4,9,76,11,5,6,7,5,109
617,16-Aug-11,Sri Lanka,Australia,Sri Lanka,78 runs,Hambantota,11,1,3,4,9,76,11,5,6,7,5,109
618,20-Aug-11,Sri Lanka,Australia,Australia,5 wickets,Colombo (RPS),11,1,3,4,9,76,11,5,6,7,5,109
619,22-Aug-11,Sri Lanka,Australia,Sri Lanka,4 wickets,Colombo (RPS),11,1,3,4,9,76,11,5,6,7,5,109
620,21-Aug-16,Sri Lanka,Australia,Australia,3 wickets,Colombo (RPS),11,1,3,4,9,76,11,5,6,7,5,109
621,24-Aug-16,Sri Lanka,Australia,Sri Lanka,82 runs,Colombo (RPS),11,1,3,4,9,76,11,5,6,7,5,109
622,28-Aug-16,Sri Lanka,Australia,Australia,2 wickets,Dambulla,11,1,3,4,9,76,11,5,6,7,5,109
623,31-Aug-16,Sri Lanka,Australia,Australia,6 wickets,Dambulla,11,1,3,4,9,76,11,5,6,7,5,109
624,4-Sep-16,Sri Lanka,Australia,Australia,5 wickets,Pallekele,11,1,3,4,9,76,11,5,6,7,5,109
625,22-Jun-10,England,Australia,England,4 wickets,Southampton,11,0,3,5,1,125,11,5,6,7,5,109
626,24-Jun-10,England,Australia,England,4 wickets,Cardiff,11,0,3,5,1,125,11,5,6,7,5,109
627,27-Jun-10,England,Australia,England,1 wicket,Manchester,11,0,3,5,1,125,11,5,6,7,5,109
628,30-Jun-10,England,Australia,Australia,78 runs,The Oval,11,0,3,5,1,125,11,5,6,7,5,109
629,3-Jul-10,England,Australia,Australia,42 runs,Lord's,11,0,3,5,1,125,11,5,6,7,5,109
630,29-Jun-12,England,Australia,England,15 runs,Lord's,11,0,3,5,1,125,11,5,6,7,5,109
631,1-Jul-12,England,Australia,England,6 wickets,The Oval,11,0,3,5,1,125,11,5,6,7,5,109
632,7-Jul-12,England,Australia,England,8 wickets,Chester-le-Street,11,0,3,5,1,125,11,5,6,7,5,109
633,10-Jul-12,England,Australia,England,7 wickets,Manchester,11,0,3,5,1,125,11,5,6,7,5,109
634,8-Jun-13,England,Australia,England,48 runs,Birmingham,11,0,3,5,1,125,11,5,6,7,5,109
635,8-Sep-13,England,Australia,Australia,88 runs,Manchester,11,0,3,5,1,125,11,5,6,7,5,109
636,11-Sep-13,England,Australia,no result,,Birmingham,11,0,3,5,1,125,11,5,6,7,5,109
637,14-Sep-13,England,Australia,England,3 wickets,Cardiff,11,0,3,5,1,125,11,5,6,7,5,109
638,16-Sep-13,England,Australia,Australia,49 runs,Southampton,11,0,3,5,1,125,11,5,6,7,5,109
639,3-Sep-15,England,Australia,Australia,59 runs,Southampton,11,0,3,5,1,125,11,5,6,7,5,109
640,5-Sep-15,England,Australia,Australia,64 runs,Lord's,11,0,3,5,1,125,11,5,6,7,5,109
641,8-Sep-15,England,Australia,England,93 runs,Manchester,11,0,3,5,1,125,11,5,6,7,5,109
642,11-Sep-15,England,Australia,England,3 wickets,Leeds,11,0,3,5,1,125,11,5,6,7,5,109
643,13-Sep-15,England,Australia,Australia,8 wickets,Manchester,11,0,3,5,1,125,11,5,6,7,5,109
644,10-Jun-17,England,Australia,England,40 runs,Birmingham,11,0,3,5,1,125,11,5,6,7,5,109
645,19-Oct-11,South Africa,Australia,Australia,93 runs,Centurion,6,0,0,4,3,115,11,5,6,7,5,109
646,23-Oct-11,South Africa,Australia,South Africa,80 runs,Port Elizabeth,6,0,0,4,3,115,11,5,6,7,5,109
647,28-Oct-11,South Africa,Australia,Australia,3 wickets,Durban,6,0,0,4,3,115,11,5,6,7,5,109
648,30-Sep-16,South Africa,Australia,South Africa,6 wickets,Centurion,6,0,0,4,3,115,11,5,6,7,5,109
649,2-Oct-16,South Africa,Australia,South Africa,142 runs,Johannesburg,6,0,0,4,3,115,11,5,6,7,5,109
650,5-Oct-16,South Africa,Australia,South Africa,4 wickets,Durban,6,0,0,4,3,115,11,5,6,7,5,109
651,9-Oct-16,South Africa,Australia,South Africa,6 wickets,Port Elizabeth,6,0,0,4,3,115,11,5,6,7,5,109
652,12-Oct-16,South Africa,Australia,South Africa,31 runs,Cape Town,6,0,0,4,3,115,11,5,6,7,5,109
653,1-Mar-14,Bangladesh,Afghanistan,Afghanistan,32 runs,Fatullah,5,0,0,0,7,90,1,0,0,0,10,63
654,25-Sep-16,Bangladesh,Afghanistan,Bangladesh,7 runs,Dhaka,5,0,0,0,7,90,1,0,0,0,10,63
655,28-Sep-16,Bangladesh,Afghanistan,Afghanistan,2 wickets,Dhaka,5,0,0,0,7,90,1,0,0,0,10,63
656,1-Oct-16,Bangladesh,Afghanistan,Bangladesh,141 runs,Dhaka,5,0,0,0,7,90,1,0,0,0,10,63
657,4-Mar-15,Australia,Afghanistan,Australia,275 runs,Perth,11,5,6,7,5,109,1,0,0,0,10,63
658,8-Mar-15,New Zealand,Afghanistan,New Zealand,6 wickets,Napier,11,0,1,7,4,113,1,0,0,0,10,63
659,9-Jun-17,West Indies,Afghanistan,Afghanistan,63 runs,Gros Islet,11,2,3,4,8,77,1,0,0,0,10,63
660,11-Jun-17,West Indies,Afghanistan,West Indies,4 wickets,Gros Islet,11,2,3,4,8,77,1,0,0,0,10,63
661,14-Jun-17,West Indies,Afghanistan,no result,,Gros Islet,11,2,3,4,8,77,1,0,0,0,10,63
662,5-Jun-17,Australia,Bangladesh,no result,,The Oval,11,5,6,7,5,109,5,0,0,0,7,90
663,5-Feb-10,New Zealand,Bangladesh,New Zealand,146 runs,Napier,11,0,1,7,4,113,5,0,0,0,7,90
664,8-Feb-10,New Zealand,Bangladesh,New Zealand,5 wickets,Dunedin,11,0,1,7,4,113,5,0,0,0,7,90
665,11-Feb-10,New Zealand,Bangladesh,New Zealand,3 wickets,Christchurch,11,0,1,7,4,113,5,0,0,0,7,90
666,13-Mar-15,New Zealand,Bangladesh,New Zealand,3 wickets,Hamilton,11,0,1,7,4,113,5,0,0,0,7,90
667,26-Dec-16,New Zealand,Bangladesh,New Zealand,77 runs,Christchurch,11,0,1,7,4,113,5,0,0,0,7,90
668,29-Dec-16,New Zealand,Bangladesh,New Zealand,67 runs,Nelson,11,0,1,7,4,113,5,0,0,0,7,90
669,31-Dec-16,New Zealand,Bangladesh,New Zealand,8 wickets,Nelson,11,0,1,7,4,113,5,0,0,0,7,90
670,18-Feb-15,Afghanistan,Bangladesh,Bangladesh,105 runs,Canberra,1,0,0,0,10,63,5,0,0,0,7,90
671,20-Aug-14,West Indies,Bangladesh,West Indies,3 wickets,St George's,11,2,3,4,8,77,5,0,0,0,7,90
672,22-Aug-14,West Indies,Bangladesh,West Indies,177 runs,St George's,11,2,3,4,8,77,5,0,0,0,7,90
673,25-Aug-14,West Indies,Bangladesh,West Indies,91 runs,Basseterre,11,2,3,4,8,77,5,0,0,0,7,90
674,18-Jun-10,Sri Lanka,Bangladesh,Sri Lanka,126 runs,Dambulla,11,1,3,4,9,76,5,0,0,0,7,90
675,23-Mar-13,Sri Lanka,Bangladesh,Sri Lanka,8 wickets,Hambantota,11,1,3,4,9,76,5,0,0,0,7,90
676,25-Mar-13,Sri Lanka,Bangladesh,no result,,Hambantota,11,1,3,4,9,76,5,0,0,0,7,90
677,28-Mar-13,Sri Lanka,Bangladesh,Bangladesh,3 wickets,Pallekele,11,1,3,4,9,76,5,0,0,0,7,90
678,25-Mar-17,Sri Lanka,Bangladesh,Bangladesh,90 runs,Dambulla,11,1,3,4,9,76,5,0,0,0,7,90
679,28-Mar-17,Sri Lanka,Bangladesh,no result,,Dambulla,11,1,3,4,9,76,5,0,0,0,7,90
680,1-Apr-17,Sri Lanka,Bangladesh,Sri Lanka,70 runs,Colombo (SSC),11,1,3,4,9,76,5,0,0,0,7,90
681,8-Jul-10,England,Bangladesh,England,6 wickets,Nottingham,11,0,3,5,1,125,5,0,0,0,7,90
682,10-Jul-10,England,Bangladesh,Bangladesh,5 runs,Bristol,11,0,3,5,1,125,5,0,0,0,7,90
683,12-Jul-10,England,Bangladesh,England,144 runs,Birmingham,11,0,3,5,1,125,5,0,0,0,7,90
684,1-Jun-17,England,Bangladesh,England,8 wickets,The Oval,11,0,3,5,1,125,5,0,0,0,7,90
685,15-Oct-17,South Africa,Bangladesh,South Africa,10 wickets,Kimberley,6,0,0,4,3,115,5,0,0,0,7,90
686,18-Oct-17,South Africa,Bangladesh,South Africa,104 runs,Paarl,6,0,0,4,3,115,5,0,0,0,7,90
687,22-Oct-17,South Africa,Bangladesh,South Africa,200 runs,East London,6,0,0,4,3,115,5,0,0,0,7,90
